Workbook

Sheet Read Me
A1: Accelerator Test Metrics Workbook | B1: Reusable test definition, execution, quality, efficiency, context, and defect tracking template.
A2: Recommended workflow | B2: Define reusable scenarios in Test Cases, record every execution in Test Runs, then attach quality, token, context, and defect records using Run ID.
A3: Objective vs subjective data | B3: Keep measured values such as tokens, duration, test counts, and pass/fail separate from reviewer scores.
A4: Scoring scale | B4: Quality scores use 1–10: 1–3 poor, 4–5 weak, 6–7 acceptable, 8–9 strong, 10 exceptional.
A5: Evidence | B5: Use repository-relative paths, report locations, screenshots, logs, manifests, or review links. Do not place secrets or customer data in this workbook.
A6: Result meanings | B6: Pass = all required outcomes; Partial = useful result with material gaps; Fail = required outcome absent or incorrect; Blocked = execution could not proceed.
A7: Governed testing | B7: For governed Project Brain operations, record stable task IDs and verify revision, owner, handoff, manifest, privacy, and promotion behavior.
A8: Dashboard | B8: Summary formulas update as rows are added. Open the workbook in Excel or another formula-capable spreadsheet application.

Sheet Dashboard
A1: Accelerator Test Dashboard
A2: Formulas update from the workbook data sheets.
A3: Core Metric | B3: Value | D3: Framework | E3: Runs | F3: Pass Rate
A4: Total Runs | B4: =MAX(0,COUNTA('Test Runs'!A:A)-1) | D4: Laravel | E4: =COUNTIF('Test Runs'!G:G,D4) | F4: =IF(E4=0,0,COUNTIFS('Test Runs'!G:G,D4,'Test Runs'!O:O,"Pass")/E4)
A5: Passed | B5: =COUNTIF('Test Runs'!O:O,"Pass") | D5: Symfony | E5: =COUNTIF('Test Runs'!G:G,D5) | F5: =IF(E5=0,0,COUNTIFS('Test Runs'!G:G,D5,'Test Runs'!O:O,"Pass")/E5)
A6: Partially Passed | B6: =COUNTIF('Test Runs'!O:O,"Partial") | D6: PHP Core | E6: =COUNTIF('Test Runs'!G:G,D6) | F6: =IF(E6=0,0,COUNTIFS('Test Runs'!G:G,D6,'Test Runs'!O:O,"Pass")/E6)
A7: Failed | B7: =COUNTIF('Test Runs'!O:O,"Fail") | D7: Infrastructure-Creator | E7: =COUNTIF('Test Runs'!G:G,D7) | F7: =IF(E7=0,0,COUNTIFS('Test Runs'!G:G,D7,'Test Runs'!O:O,"Pass")/E7)
A8: Blocked | B8: =COUNTIF('Test Runs'!O:O,"Blocked") | D8: Cross-stack | E8: =COUNTIF('Test Runs'!G:G,D8) | F8: =IF(E8=0,0,COUNTIFS('Test Runs'!G:G,D8,'Test Runs'!O:O,"Pass")/E8)
A9: Pass Rate | B9: =IF(B4=0,0,B5/B4)
A10: First-Attempt Pass Rate | B10: =IFERROR(COUNTIF('Efficiency & Tokens'!T:T,"Yes")/(COUNTA('Efficiency & Tokens'!A:A)-1),0)
A11: Average Overall Quality | B11: =IFERROR(AVERAGE('Quality Metrics'!Q:Q),0) | D11: AI Tool | E11: Runs | F11: Pass Rate
A12: Average Duration (seconds) | B12: =IFERROR(AVERAGE('Efficiency & Tokens'!H:H),0) | D12: Claude Code | E12: =COUNTIF('Test Runs'!I:I,D12) | F12: =IF(E12=0,0,COUNTIFS('Test Runs'!I:I,D12,'Test Runs'!O:O,"Pass")/E12)
A13: Average Tokens per Run | B13: =IFERROR(AVERAGE('Efficiency & Tokens'!F:F),0) | D13: Cursor | E13: =COUNTIF('Test Runs'!I:I,D13) | F13: =IF(E13=0,0,COUNTIFS('Test Runs'!I:I,D13,'Test Runs'!O:O,"Pass")/E13)
A14: Average Cost per Run | B14: =IFERROR(AVERAGE('Efficiency & Tokens'!G:G),0) | D14: Codex | E14: =COUNTIF('Test Runs'!I:I,D14) | F14: =IF(E14=0,0,COUNTIFS('Test Runs'!I:I,D14,'Test Runs'!O:O,"Pass")/E14)
A15: Average Human Interventions | B15: =IFERROR(AVERAGE('Test Runs'!X:X),0) | D15: Cross-tool | E15: =COUNTIF('Test Runs'!I:I,D15) | F15: =IF(E15=0,0,COUNTIFS('Test Runs'!I:I,D15,'Test Runs'!O:O,"Pass")/E15)
A16: Safety Violations | B16: =SUM('Test Runs'!Z:Z)
A17: Context Retrieval Success Rate | B17: =IFERROR(COUNTIF('Context & Brain'!L:L,"Yes")/(COUNTIF('Context & Brain'!L:L,"Yes")+COUNTIF('Context & Brain'!L:L,"No")),0)
A18: Open Critical Defects | B18: =COUNTIFS('Defects'!F:F,"Critical",'Defects'!P:P,"<>Closed",'Defects'!P:P,"<>Rejected")

Sheet Test Cases
A1: Test Case ID | B1: Test Name | C1: Test Category | D1: Framework | E1: AI Tool | F1: Workflow / Skill | G1: Agent / Command | H1: Priority | I1: Preconditions | J1: Input Prompt | K1: Expected Behaviour | L1: Expected Files Changed | M1: Expected Verification | N1: Security / Safety Expectations | O1: Execution Type | P1: Test Owner | Q1: Requirement / Source | R1: Notes

Sheet Test Runs
A1: Run ID | B1: Test Case ID | C1: Execution Date | D1: Tester | E1: Accelerator Version | F1: Git Commit | G1: Framework | H1: Framework Version | I1: AI Tool | J1: AI Tool Version | K1: Model | L1: Operating Mode | M1: Project Size | N1: Starting Repository State | O1: Result | P1: Actual Behaviour | Q1: Files Created | R1: Files Modified | S1: Unexpected Changes | T1: Tests Executed | U1: Tests Passed | V1: Tests Failed | W1: Linter Result | X1: Human Intervention Count | Y1: Retry Count | Z1: Safety Violation Count | AA1: Failure Reason | AB1: Evidence Link | AC1: Defect ID | AD1: Comments

Sheet Quality Metrics
A1: Run ID | B1: Test Case ID | C1: Functional Correctness | D1: Requirements Coverage | E1: Code Quality | F1: Architecture Compliance | G1: Framework Best Practices | H1: SOLID Compliance | I1: DRY Compliance | J1: Security | K1: Error Handling | L1: Test Coverage | M1: Documentation Quality | N1: Maintainability | O1: Scope Discipline | P1: Verification Quality | Q1: Overall Score | R1: Reviewer Confidence | S1: Reviewer Notes

Sheet Efficiency & Tokens
A1: Run ID | B1: Test Case ID | C1: Input Tokens | D1: Output Tokens | E1: Cached Tokens | F1: Total Tokens | G1: Estimated Cost | H1: Total Duration (seconds) | I1: Time to First Response (seconds) | J1: Agent Invocations | K1: Parallel Agent Invocations | L1: Tool Calls | M1: Failed Tool Calls | N1: Context Retrieval Count | O1: Retrieved Context Tokens | P1: Context Utilization (%) | Q1: Repeated Context Tokens | R1: User Clarification Count | S1: Manual Correction Count | T1: Successful First Attempt | U1: Tokens per Successful Test | V1: Cost per Successful Test | W1: Provider / Measurement Source | X1: Notes

Sheet Context & Brain
A1: Run ID | B1: Test Case ID | C1: Brain Task Created | D1: Stable Task ID Used | E1: Handoff Created | F1: Handoff Updated | G1: Revision Checks Used | H1: Stale Revision Detected | I1: Relevant Context Retrieved | J1: Irrelevant Context Retrieved | K1: Missing Relevant Context | L1: Retrieval Successful | M1: Retrieval Precision (%) | N1: Retrieval Recall (%) | O1: Retrieval Manifest Created | P1: Token Budget Respected | Q1: Private Content Excluded | R1: Stale Content Excluded | S1: Conflicts Preserved | T1: Memory Promotion Proposed | U1: Human Approval Required | V1: Memory Promotion Applied | W1: Index Validation Result | X1: Cross-Edition Parity Result | Y1: Evidence / Manifest Path | Z1: Notes

Sheet Defects
A1: Defect ID | B1: Run ID | C1: Test Case ID | D1: Title | E1: Description | F1: Severity | G1: Priority | H1: Component | I1: Framework | J1: AI Tool | K1: Reproduction Steps | L1: Expected Result | M1: Actual Result | N1: Root Cause | O1: Workaround | P1: Status | Q1: Assigned To | R1: Date Opened | S1: Date Closed | T1: Fix Version | U1: Regression Test ID | V1: Evidence Link

Sheet Lists
A1: Framework | B1: AI Tool | C1: Result | D1: Priority | E1: Test Category | F1: Operating Mode | G1: Execution Type | H1: Yes / No | I1: Severity | J1: Defect Status | K1: Project Size | L1: Validation Result | M1: Score
A2: Laravel | B2: Claude Code | C2: Pass | D2: Critical | E2: Installation and activation | F2: Governed | G2: Automated | H2: Yes | I2: Critical | J2: Open | K2: Small | L2: Pass | M2: 1
A3: Symfony | B3: Cursor | C3: Partial | D3: High | E3: Feature implementation | F3: Lightweight | G3: Manual | H3: No | I3: High | J3: Investigating | K3: Medium | L3: Fail | M3: 2
A4: PHP Core | B4: Codex | C4: Fail | D4: Medium | E4: Bug fixing | F4: Not Applicable | G4: Hybrid | H4: Not Applicable | I4: Medium | J4: In Progress | K4: Large | L4: Partial | M4: 3
A5: Infrastructure-Creator | B5: Cross-tool | C5: Blocked | D5: Low | E5: Architecture | H5: Not Measured | I5: Low | J5: Fixed | K5: Enterprise | L5: Not Run | M5: 4
A6: Cross-stack | C6: Not Run | E6: Code review | J6: Verified | L6: Not Applicable | M6: 5
E7: Security | J7: Closed | M7: 6
E8: Testing | J8: Rejected | M8: 7
E9: Documentation | M9: 8
E10: Agent orchestration | M10: 9
E11: Project Brain | M11: 10
E12: Memory Bank
E13: Context retrieval
E14: Hooks and guardrails
E15: Cross-tool parity
E16: Error recovery
E17: Performance
